GISJOIN,Per_Les_20,Per_Les_10,Per_Les_15
G26016305001001,48.31683168,0,25.54455446
G26016305001002,37.65690377,0,5.439330544
G26016305001003,52.63157895,4.210526316,16.05263158
G26016305001004,25.85551331,0,10.64638783
G26016305002001,37.5464684,0,30.11152416
G26016305002002,46.94656489,3.816793893,14.1221374
G26016305002003,35,3.333333333,26.38888889
G26016305002004,51.28805621,0,23.41920375
G26016305003001,38.9380531,7.522123894,28.31858407
G26016305003002,60.96774194,19.03225806,36.4516129
G26016305003003,33.75796178,0,23.56687898
G26016305003004,21.21212121,0,18.18181818
G26016305004001,100,15.625,68.75
G26016305004002,62.96296296,24.69135802,62.96296296
G26016305004003,51.45631068,4.854368932,30.09708738
G26016305004004,47.12643678,5.747126437,16.66666667
G26016305005001,34.39153439,5.291005291,22.48677249
G26016305005002,39.74358974,0,39.74358974
G26016305005003,71.01449275,0,26.08695652
G26016305005004,32.72727273,0,32.72727273
G26016305006001,38.94009217,9.216589862,22.11981567
G26016305006002,53.28467153,0,13.86861314
G26016305006003,45.74468085,20.21276596,20.21276596
G26016305006004,44.94949495,0,27.27272727
G26016305006005,57.14285714,6.722689076,23.52941176
G26016305007001,27.69230769,3.461538462,5.769230769
G26016305007002,39.89218329,2.156334232,15.3638814
G26016305007003,25.95744681,1.70212766,15.53191489
G26016305007004,17.5,7.045454545,15.22727273
G26016305008001,40.38155803,6.518282989,20.50874404
G26016305008002,23.45454545,0,18.36363636
G26016305009001,52.66666667,27.77777778,34
G26016305009002,16.66666667,12.16216216,16.66666667
G26016305009003,9.852216749,3.9408867,3.9408867
G26016305009004,63.28125,20.3125,20.3125
G26016305010001,56.60377358,6.037735849,29.43396226
G26016305010002,0,0,0
G26016305010003,20.1814059,9.523809524,17.46031746
G26016305011001,25.68807339,0,25.68807339
G26016305011002,72.16494845,0,0
G26016305011003,27.27272727,1.136363636,1.136363636
G26016305011004,58.38150289,23.69942197,43.35260116
G26016305011005,27.06766917,3.007518797,3.007518797
G26016305012001,19.4092827,0,7.172995781
G26016305012002,37.11340206,7.216494845,7.216494845
G26016305013001,71.68141593,0,21.23893805
G26016305013002,25.92592593,0,25.92592593
G26016305013003,42.18009479,13.74407583,36.01895735
G26016305013004,0,0,0
G26016305013005,29.13580247,0,9.87654321
G26016305014001,24.88888889,0.444444444,10.22222222
G26016305014002,17.00507614,3.045685279,7.868020305
G26016305014003,21.9858156,0,17.73049645
G26016305014004,30.67915691,7.494145199,12.88056206
G26016305015001,13.61502347,0,0
G26016305015002,47.94520548,36.30136986,47.94520548
G26016305015003,40.64171123,19.78609626,23.52941176
G26016305015004,34.61538462,0,23.07692308
G26016305015005,24.96307238,8.271787297,17.28212703
G26016305016001,32.80839895,1.049868766,13.64829396
G26016305016002,27.36842105,12.89473684,25.52631579
G26016305017001,49.56521739,22.17391304,22.17391304
G26016305017002,30.99415205,11.40350877,19.88304094
G26016305018001,11.25,3.75,3.75
G26016305018002,8.495145631,0,5.097087379
G26016305018003,25.33589251,2.687140115,2.687140115
G26016305018004,5.434782609,0.905797101,0.905797101
G26016305019001,40.64171123,7.486631016,24.06417112
G26016305019002,21.24542125,9.89010989,9.89010989
G26016305019003,19.58041958,3.146853147,5.244755245
G26016305019004,32.0855615,0,16.04278075
G26016305020001,26.30480167,12.7348643,17.32776618
G26016305020002,51.86335404,17.08074534,35.0931677
G26016305031001,35.05535055,2.21402214,17.34317343
G26016305031002,26.96629213,0,17.22846442
G26016305031003,50.79365079,0,21.9047619
G26016305032001,63.74172185,3.80794702,30.62913907
G26016305032002,41.30434783,9.239130435,31.52173913
G26016305032003,51.2295082,7.37704918,20.08196721
G26016305033001,42.54807692,0,31.49038462
G26016305033002,39.52991453,0,8.547008547
G26016305033003,28.17551963,0,20.09237875
G26016305033004,42.34234234,0,32.43243243
G26016305034001,36.25,7.5,26.875
G26016305034002,59.50920245,0,23.31288344
G26016305035001,45.78313253,0,35.34136546
G26016305035002,37.77777778,0,0
G26016305035003,11.11111111,0,0
G26016305035004,41.86046512,25.58139535,25.58139535
G26016305035005,23.71794872,0,0
G26016305036001,32.40740741,0,0
G26016305036002,28.67132867,0,2.097902098
G26016305036003,48.15789474,4.210526316,16.05263158
G26016305039001,27.04918033,0,0
G26016305039002,57.14285714,0,36.73469388
G26016305039003,29.21348315,1.573033708,11.23595506
G26016305040001,26.61870504,0,14.38848921
G26016305040002,41.02564103,9.743589744,20.51282051
G26016305041001,68.18181818,9.090909091,42.42424242
G26016305041002,51.96078431,14.70588235,20.58823529
G26016305041003,17.42738589,2.904564315,7.883817427
G26016305042001,21.53110048,0,8.612440191
G26016305042002,20.14925373,0,1.492537313
G26016305042003,1.550387597,0,0
G26016305042004,0,0,0
G26016305043001,42.61363636,13.63636364,25
G26016305043002,45.97701149,9.770114943,24.13793103
G26016305043003,22.3495702,3.724928367,9.169054441
G26016305044001,48.30508475,4.237288136,16.94915254
G26016305044002,12.10191083,2.547770701,5.732484076
G26016305044003,43.63636364,0,9.090909091
G26016305047001,45.45454545,0,30.06993007
G26016305047002,54.72972973,13.51351351,31.08108108
G26016305047003,31.94444444,0,31.94444444
G26016305048001,48.38709677,0,15.05376344
G26016305048002,17.25888325,1.52284264,8.629441624
G26016305049001,55.97826087,11.95652174,28.80434783
G26016305049002,33.72093023,0,20.93023256
G26016305049003,24.33460076,2.281368821,11.97718631
G26016305049004,33.48017621,0,0
G26016305050001,34.67741935,7.258064516,19.35483871
G26016305050002,38.88888889,0,0
G26016305051001,31.35888502,0,28.57142857
G26016305051002,13.52941176,2.941176471,8.235294118
G26016305051003,32.57918552,4.524886878,10.85972851
G26016305051004,0,0,0
G26016305051005,32.63157895,32.63157895,32.63157895
G26016305052001,34.02985075,0,6.567164179
G26016305052002,43.78378378,5.405405405,19.45945946
G26016305052003,44.30379747,17.08860759,39.24050633
G26016305052004,37.05357143,4.464285714,18.30357143
G26016305054001,62.86549708,0,27.48538012
G26016305054002,85.26315789,0,14.73684211
G26016305054003,17.27272727,0,17.27272727
G26016305054004,42.98642534,12.21719457,34.84162896
G26016305055001,29.78723404,2.127659574,22.87234043
G26016305055002,27.52293578,0,18.34862385
G26016305061001,17.94310722,1.094091904,4.376367615
G26016305061002,26.28865979,12.37113402,12.37113402
G26016305062001,23.4741784,7.511737089,13.61502347
G26016305062002,16.90647482,3.237410072,10.43165468
G26016305063001,23.36448598,0,0
G26016305063002,44.28571429,4.761904762,7.142857143
G26016305063003,27.59856631,0,9.318996416
G26016305064001,45.11627907,24.65116279,39.06976744
G26016305064002,22.12389381,5.309734513,11.50442478
G26016305064003,0,0,0
G26016305065001,45.74468085,3.191489362,38.29787234
G26016305065002,36.68341709,0,36.68341709
G26016305065003,43.23308271,0,1.879699248
G26016305066001,34.64052288,0,34.64052288
G26016305066002,28.46003899,10.33138402,10.33138402
G26016305066003,7.5,7.5,7.5
G26016305066004,30.37974684,0,16.4556962
G26016305067001,29.73977695,2.230483271,2.230483271
G26016305068001,42.54385965,8.771929825,13.59649123
G26016305068002,44.70284238,12.14470284,34.10852713
G26016305068003,33.33333333,0,16.36363636
G26016305068004,24,12,24
G26016305069001,55.45454545,17.27272727,17.27272727
G26016305069002,13.1147541,13.1147541,13.1147541
G26016305069003,0,0,0
G26016305069004,5.963302752,0,0
G26016305069005,16.78321678,0,11.88811189
G26016305070001,12,4.888888889,4.888888889
G26016305070002,16.66666667,0,16.66666667
G26016305070003,34.89932886,7.382550336,7.382550336
G26016305071001,37.73584906,0,20.75471698
G26016305071002,25.33333333,3.555555556,8
G26016305071003,25.2559727,0,25.2559727
G26016305071004,4.838709677,0,4.838709677
G26016305072001,74.28571429,41.42857143,46.42857143
G26016305072002,25.18518519,7.407407407,10.37037037
G26016305073001,40.26666667,8,23.73333333
G26016305073002,59.22330097,13.59223301,13.59223301
G26016305073003,31.63841808,0,10.73446328
G26016305074001,33.76623377,0,0
G26016305074002,44.87951807,8.13253012,13.55421687
G26016305074003,52.80898876,4.494382022,34.26966292
G26016305074004,70.93023256,0,39.53488372
G26016305075001,35.18518519,0,13.42592593
G26016305075002,26.40449438,0,15.16853933
G26016305075003,22.22222222,0,0
G26016305078001,79.50819672,24.59016393,24.59016393
G26016305078002,76.19047619,0,0
G26016305079001,57.55395683,35.97122302,46.04316547
G26016305079002,38.7755102,9.523809524,19.04761905
G26016305079003,44,0,8
G26016305079004,43.10344828,32.75862069,32.75862069
G26016305080001,20.96774194,0,8.064516129
G26016305080002,37.94466403,16.99604743,25.6916996
G26016305081001,65.74074074,0,65.74074074
G26016305081002,18.57142857,0,0
G26016305081003,20,0,20
G26016305081004,100,0,0
G26016305081005,32,0,32
G26016305104001,38.0952381,0,15.87301587
G26016305104002,0,0,0
G26016305104003,4.347826087,0,0
G26016305105001,26.5625,0,0
G26016305105002,20.2247191,2.808988764,3.651685393
G26016305105003,45.28301887,45.28301887,45.28301887
G26016305105004,11.87648456,0,3.087885986
G26016305106001,41.33333333,12.66666667,24
G26016305106002,30.13888889,2.638888889,20.27777778
G26016305106003,40.29451138,4.551539491,16.86746988
G26016305107001,17.28971963,2.803738318,12.61682243
G26016305107002,56.31768953,14.44043321,29.60288809
G26016305110001,64.70588235,0,44.11764706
G26016305110002,42.22222222,0,8.888888889
G26016305110003,24.59016393,0,24.59016393
G26016305110004,48.48484848,0,18.68686869
G26016305112001,36.86006826,13.65187713,21.16040956
G26016305112002,62.5,0,41.66666667
G26016305113001,35.63829787,3.191489362,22.34042553
G26016305113002,11.02941176,4.411764706,11.02941176
G26016305113003,31.53846154,9.230769231,23.07692308
G26016305114001,43.63636364,8.484848485,8.484848485
G26016305114002,57.30337079,0,10.11235955
G26016305114003,18.18181818,0,18.18181818
G26016305114004,81.39534884,11.62790698,11.62790698
G26016305114005,23.07692308,4.895104895,12.23776224
G26016305119001,67.82841823,13.40482574,40.48257373
G26016305119002,51.78571429,16.96428571,39.73214286
G26016305121001,0,0,0
G26016305121002,14.58333333,0,0
G26016305121003,19.12350598,0,10.35856574
G26016305121004,6.796116505,0,0
G26016305121005,27.62430939,0,16.02209945
G26016305122001,25.44642857,4.910714286,6.696428571
G26016305122002,8.108108108,8.108108108,8.108108108
G26016305123001,45.08196721,0,9.016393443
G26016305123002,67.54385965,5.263157895,14.03508772
G26016305124001,72.03389831,21.18644068,29.66101695
G26016305124002,45.86466165,25.56390977,34.58646617
G26016305124003,31.03448276,3.448275862,3.448275862
G26016305126001,13.81578947,0,13.81578947
G26016305126002,40.90909091,10.60606061,19.6969697
G26016305126003,53.52112676,0,46.47887324
G26016305126004,7.142857143,0,7.142857143
G26016305129001,23.45679012,17.28395062,17.28395062
G26016305129002,10.14492754,10.14492754,10.14492754
G26016305129003,0,0,0
G26016305132001,25.80645161,10.13824885,19.35483871
G26016305132002,41.96428571,34.82142857,41.96428571
G26016305132003,35.65217391,0,0
G26016305133001,32.7198364,12.67893661,19.83640082
G26016305133002,33.84615385,7.521367521,14.35897436
G26016305136001,48.64864865,21.62162162,21.62162162
G26016305136002,31.46853147,0,0
G26016305137001,20.91346154,0,3.365384615
G26016305137002,15.95092025,0,3.680981595
G26016305137003,21.79836512,13.07901907,13.07901907
G26016305139001,16.12903226,7.52688172,7.52688172
G26016305139002,14.43298969,2.06185567,5.498281787
G26016305139003,29.35779817,11.00917431,23.85321101
G26016305141001,12.90322581,0,0
G26016305141002,28.82882883,0,8.108108108
G26016305141003,27.00729927,0,0
G26016305141004,8.053691275,0,0
G26016305142001,69.92481203,7.518796992,7.518796992
G26016305142002,85.66433566,14.68531469,32.86713287
G26016305142003,22,0,0
G26016305142004,19.1011236,0,12.35955056
G26016305142005,38.38383838,0,23.73737374
G26016305143001,19.8630137,8.904109589,8.904109589
G26016305143002,63.23529412,8.088235294,16.91176471
G26016305143003,13.73390558,0,4.291845494
G26016305145001,41.12149533,33.64485981,41.12149533
G26016305145002,15.6424581,5.586592179,5.586592179
G26016305152001,38.22843823,17.01631702,22.61072261
G26016305152002,31.19266055,0,4.892966361
G26016305153001,55.87583149,16.18625277,38.58093126
G26016305153002,33.5483871,0,21.93548387
G26016305153003,53.46534653,17.16171617,33.00330033
G26016305154001,32.60273973,4.931506849,14.79452055
G26016305154002,32.79132791,1.62601626,23.84823848
G26016305156001,40.87837838,2.364864865,9.459459459
G26016305156002,13.94422311,1.593625498,5.976095618
G26016305157001,44.63487332,3.427719821,24.59016393
G26016305157002,45.02814259,2.814258912,5.440900563
G26016305159001,49.04109589,2.191780822,8.219178082
G26016305159002,0,0,0
G26016305159003,5.128205128,0,0
G26016305160001,43.57541899,5.027932961,19.83240223
G26016305160002,0,0,0
G26016305160003,28.57142857,28.57142857,28.57142857
G26016305160004,49.33333333,6.666666667,12
G26016305161001,0,0,0
G26016305161002,13.51351351,13.51351351,13.51351351
G26016305162001,34.58646617,0,12.78195489
G26016305162002,33.33333333,19.04761905,19.04761905
G26016305163001,25.95419847,0,4.580152672
G26016305164001,71.73913043,11.30434783,23.04347826
G26016305164002,69.89247312,25.80645161,33.33333333
G26016305165001,55.84862385,20.64220183,40.36697248
G26016305166001,44.26229508,24.59016393,33.33333333
G26016305166002,56.10328638,12.20657277,53.99061033
G26016305167001,56.47058824,8.403361345,24.3697479
G26016305167002,36.5248227,8.510638298,27.65957447
G26016305168001,46.32034632,19.48051948,27.70562771
G26016305168002,85.36585366,41.46341463,73.17073171
G26016305169001,32.60869565,1.992753623,20.10869565
G26016305170001,39.18007265,14.89361702,31.70731707
G26016305171001,57.44680851,22.74959083,40.09819967
G26016305172001,60.670194,27.68959436,49.20634921
G26016305172002,44.01709402,16.23931624,30.76923077
G26016305173001,50.07751938,20,36.27906977
G26016305173002,52.04918033,7.37704918,26.2295082
G26016305175001,87.25490196,30.39215686,83.82352941
G26016305175002,53.30296128,23.46241458,37.35763098
G26016305175003,42.65734266,17.48251748,30.76923077
G26016305180001,57.57997218,24.61752434,40.75104312
G26016305180002,68.10506567,30.20637899,43.15196998
G26016305184001,100,84.61538462,84.61538462
G26016305184002,72,0,10
G26016305185001,56.52173913,14.13043478,23.91304348
G26016305185002,47.69874477,10.46025105,26.35983264
G26016305186001,39.21568627,0,7.843137255
G26016305186002,60.78431373,0,19.60784314
G26016305188001,36.26373626,0,29.67032967
G26016305188002,23.80952381,16.66666667,23.80952381
G26016305189001,32.10784314,19.11764706,26.2254902
G26016305202001,69.10447761,37.1641791,54.02985075
G26016305202002,65.46875,38.125,60
G26016305203001,68.00947867,25.82938389,58.29383886
G26016305203002,63.69863014,22.60273973,22.60273973
G26016305204001,68.40490798,30.16359918,54.29447853
G26016305207001,62.55319149,25.39007092,50.4964539
G26016305207002,59.17001339,23.69477912,43.7751004
G26016305208001,40.58823529,18.33333333,29.01960784
G26016305211001,48.28660436,19.62616822,31.46417445
G26016305211002,42.22222222,22.4691358,27.65432099
G26016305213001,60.82089552,11.19402985,38.80597015
G26016305214001,60.21341463,30.18292683,48.62804878
G26016305215001,60.37735849,18.86792453,40.75471698
G26016305215002,54.1218638,9.318996416,30.82437276
G26016305218001,35.04672897,1.168224299,20.79439252
G26016305219001,68.22429907,25.23364486,46.26168224
G26016305219002,63.77952756,4.724409449,34.64566929
G26016305219003,48.3992467,13.1826742,25.80037665
G26016305220001,43.91217565,4.99001996,17.76447106
G26016305221001,48.38709677,14.51612903,29.03225806
G26016305221002,50.76923077,12.30769231,21.53846154
G26016305222001,37.20930233,0,17.82945736
G26016305222002,16.66666667,0,0
G26016305223001,51.06382979,42.55319149,51.06382979
G26016305223002,48.57142857,9.714285714,32.57142857
G26016305224001,35.71428571,0,16.66666667
G26016305224002,40.56939502,7.473309609,19.92882562
G26016305225001,1.459854015,1.459854015,1.459854015
G26016305225002,35.77981651,14.67889908,24.7706422
G26016305225003,51.87969925,24.06015038,42.10526316
G26016305231001,44.93006993,7.167832168,31.46853147
G26016305232001,24.81343284,9.888059701,22.3880597
G26016305232002,52.51889169,13.09823678,39.67254408
G26016305233001,74.59677419,37.90322581,65.72580645
G26016305233002,40.32586558,14.86761711,21.5885947
G26016305233003,61.13636364,10.45454545,48.18181818
G26016305234001,50.72463768,8.695652174,28.69565217
G26016305234002,54.46428571,8.928571429,48.80952381
G26016305238001,35.77981651,0,11.00917431
G26016305238002,81.25,13.19444444,33.33333333
G26016305238003,56.46258503,17.68707483,23.80952381
G26016305238004,41.45936982,19.73466003,27.03150912
G26016305240001,64.70588235,30.58823529,43.1372549
G26016305240002,46.2295082,27.21311475,28.85245902
G26016305240003,56.54320988,9.87654321,42.4691358
G26016305241001,44.37086093,13.24503311,13.24503311
G26016305241002,52.21238938,11.50442478,39.38053097
G26016305241003,44.52054795,19.52054795,44.52054795
G26016305241004,23.41269841,8.333333333,11.50793651
G26016305242001,40.48582996,27.32793522,33.60323887
G26016305242002,35.8974359,0,12.82051282
G26016305242003,50.58139535,0,38.37209302
G26016305242004,6,1.5,1.5
G26016305242005,34.09961686,0,18.00766284
G26016305242006,11.42857143,0,11.42857143
G26016305243001,49.31506849,14.38356164,21.23287671
G26016305243002,51.84331797,7.834101382,32.02764977
G26016305243003,29.24528302,0,6.603773585
G26016305245001,57.14285714,57.14285714,57.14285714
G26016305245002,100,69.23076923,100
G26016305247001,39.28571429,0,39.28571429
G26016305247002,45.96774194,24.19354839,45.96774194
G26016305247003,41.61490683,0,0
G26016305247004,42.55319149,0,13.82978723
G26016305247005,22.94117647,10,22.94117647
G26016305247006,31.97026022,12.08178439,18.58736059
G26016305248001,38.98305085,0,0
G26016305248002,46.98795181,2.409638554,12.65060241
G26016305248003,40.88669951,0,4.926108374
G26016305248004,34.24657534,0,34.24657534
G26016305248005,32.44444444,14.22222222,14.22222222
G26016305249001,23.71794872,12.17948718,23.71794872
G26016305249002,31.31868132,0,10.98901099
G26016305250001,0,0,0
G26016305250002,59.23076923,25.38461538,35.38461538
G26016305250003,50.47619048,27.61904762,40.95238095
G26016305254001,32.74021352,10.3202847,28.46975089
G26016305254002,66.34615385,19.23076923,39.90384615
G26016305254003,57.38636364,15.90909091,22.15909091
G26016305255001,80,26.92307692,29.23076923
G26016305255002,37.83783784,0,22.97297297
G26016305256001,49.25373134,0,19.40298507
G26016305256002,33.21917808,3.767123288,27.39726027
G26016305257001,23.4375,0,17.44791667
G26016305257002,53.59281437,10.17964072,20.65868263
G26016305257003,44.12060302,5.427135678,19.69849246
G26016305257004,21.71428571,3.142857143,3.142857143
G26016305258001,35.63829787,9.574468085,22.07446809
G26016305258002,36.59217877,4.469273743,22.90502793
G26016305260001,54.41176471,7.843137255,41.17647059
G26016305260002,59.21325052,21.94616977,40.78674948
G26016305261001,51.05485232,6.329113924,45.14767932
G26016305261002,34.06593407,6.593406593,18.13186813
G26016305262001,43.57976654,16.73151751,32.29571984
G26016305262002,30.68181818,5.303030303,23.86363636
G26016305262003,38.6167147,5.475504323,19.02017291
G26016305263001,40.45584046,11.11111111,23.93162393
G26016305263002,35.26011561,0,5.202312139
G26016305263003,20.44444444,6.444444444,18.66666667
G26016305264001,15.38461538,11.11111111,15.38461538
G26016305264002,12.93532338,7.960199005,12.93532338
G26016305265001,22.44897959,0,0
G26016305265002,30.70539419,0,1.659751037
G26016305265003,16.43835616,0,0
G26016305272001,57.89473684,7.01754386,26.31578947
G26016305272002,53.57142857,0,0
G26016305273001,62.39316239,0,0
G26016305273002,40.36697248,0.917431193,0.917431193
G26016305301001,19.58041958,5.594405594,5.594405594
G26016305301002,59.18367347,0,10.20408163
G26016305301003,57.48031496,17.32283465,33.85826772
G26016305301004,100,53.04347826,53.04347826
G26016305302001,35.10204082,23.26530612,35.10204082
G26016305302002,34.44676409,18.78914405,22.96450939
G26016305302003,72.5,19.16666667,19.16666667
G26016305302004,45.79710145,32.17391304,43.76811594
G26016305302005,18.27956989,0,18.27956989
G26016305303001,0,0,0
G26016305303002,17.64705882,4.411764706,17.64705882
G26016305303003,14.9321267,6.334841629,6.334841629
G26016305304001,49.38271605,14.81481481,35.80246914
G26016305304002,35.48387097,0,14.51612903
G26016305305001,32.25806452,0,0
G26016305305002,27.73722628,7.299270073,13.13868613
G26016305305003,10.92436975,10.92436975,10.92436975
G26016305308001,38.05309735,8.849557522,25.66371681
G26016305308002,33.72093023,8.139534884,33.72093023
G26016305308003,42.72727273,14.54545455,14.54545455
G26016305308004,36.11111111,0,15.74074074
G26016305309001,9.433962264,0,9.433962264
G26016305309002,31.25,0,8.333333333
G26016305309003,17.5,3.75,17.5
G26016305311001,71.25,20,41.25
G26016305311002,20.68965517,0,1.724137931
G26016305312001,36.49635036,0,12.40875912
G26016305312002,46.62576687,4.90797546,28.83435583
G26016305312003,51.8907563,10.92436975,23.31932773
G26016305313001,69.27710843,31.3253012,60.24096386
G26016305313002,39.78494624,0,7.52688172
G26016305314001,0,0,0
G26016305314002,42.25721785,0,14.17322835
G26016305315001,50,50,50
G26016305315002,22.68656716,15.52238806,15.52238806
G26016305315003,24.23312883,7.055214724,23.00613497
G26016305315004,33.33333333,0,33.33333333
G26016305316001,55.47945205,16.09589041,40.06849315
G26016305316002,45.20547945,5.479452055,21.00456621
G26016305317001,50.46728972,0,40.18691589
G26016305317002,44.16666667,7.083333333,10.41666667
G26016305318001,23.62204724,3.149606299,16.53543307
G26016305318002,28.18791946,0,16.77852349
G26016305318003,38.81578947,7.236842105,30.92105263
G26016305319001,55.76923077,34.61538462,44.23076923
G26016305319002,60.49382716,10.69958848,45.67901235
G26016305322001,74.50980392,0,39.21568627
G26016305322002,52.65822785,5.569620253,16.70886076
G26016305323001,56.28930818,9.119496855,35.8490566
G26016305324001,13.55932203,0,6.779661017
G26016305324002,15.15151515,0,6.818181818
G26016305324003,63.35403727,19.25465839,59.62732919
G26016305326001,42.43421053,3.289473684,10.85526316
G26016305326002,53.11004785,0,32.05741627
G26016305326003,80.53691275,68.45637584,73.15436242
G26016305327001,47.68211921,5.960264901,9.271523179
G26016305327002,23.72881356,0,23.72881356
G26016305330001,16.25,0,16.25
G26016305330002,41.63568773,4.832713755,18.95910781
G26016305331001,44.06779661,0,10.16949153
G26016305331002,65.16853933,4.494382022,36.51685393
G26016305331003,45,0,11.66666667
G26016305332001,32.69230769,32.69230769,32.69230769
G26016305332002,47.42268041,9.278350515,26.80412371
G26016305332003,23.25581395,0,0
G26016305333001,0,0,0
G26016305333002,34.10138249,17.97235023,31.33640553
G26016305334001,54.83870968,12.90322581,43.5483871
G26016305334002,16.66666667,0,0
G26016305334003,0,0,0
G26016305334004,32.38095238,0,29.52380952
G26016305334005,18.18181818,0,7.575757576
G26016305335001,36.49635036,0,11.67883212
G26016305335002,38.21138211,11.38211382,29.26829268
G26016305336001,47.19101124,5.617977528,5.617977528
G26016305336002,33.5106383,0,13.29787234
G26016305336003,31.90184049,0,7.36196319
G26016305337001,48.88888889,9.259259259,22.22222222
G26016305337002,8.955223881,0,0
G26016305339001,46.76375405,14.72491909,20.87378641
G26016305339002,86.92307692,9.743589744,49.48717949
G26016305339003,72.17630854,33.19559229,53.99449036
G26016305341001,42.22222222,9.62962963,23.7037037
G26016305341002,33.49514563,0,0
G26016305341003,28.52564103,0,17.62820513
G26016305342001,55.87044534,0,22.67206478
G26016305342002,16.47058824,0,0
G26016305342003,6.896551724,0,0
G26016305342004,0,0,0
G26016305342005,51.9047619,0,15.95238095
G26016305343001,31.79916318,1.673640167,5.439330544
G26016305343002,19.92619926,0,7.380073801
G26016305344001,37.05583756,2.030456853,12.69035533
G26016305344002,26.35135135,0,0
G26016305345001,31.76470588,20,20
G26016305345002,13.00813008,0,0
G26016305346001,25,0,10.36585366
G26016305346002,42.28571429,30.28571429,30.28571429
G26016305346003,22.17741935,0,13.30645161
G26016305347001,20.78651685,0,4.494382022
G26016305347002,37.81512605,5.042016807,5.042016807
G26016305347003,50,0,0
G26016305347004,26.08695652,8.074534161,14.9068323
G26016305350001,16.06425703,4.819277108,4.819277108
G26016305350002,27.65957447,4.255319149,9.042553191
G26016305350003,19.78021978,0,4.395604396
G26016305351001,0,0,0
G26016305351002,44.39918534,0,7.942973523
G26016305352001,0,0,0
G26016305352002,43.1372549,43.1372549,43.1372549
G26016305352003,25.13661202,0,0
G26016305352004,40.28436019,11.37440758,16.11374408
G26016305353001,38.16425121,0,11.5942029
G26016305353002,23.76237624,0,0
G26016305353003,69.8019802,13.86138614,43.06930693
G26016305353004,62.14953271,8.411214953,27.10280374
G26016305353005,22.35528942,11.77644711,13.37325349
G26016305354001,41.70040486,0,0
G26016305354002,25,0,0
G26016305355001,25.21929825,2.412280702,9.210526316
G26016305355002,13.95348837,0,13.95348837
G26016305355003,18.3908046,0,8.333333333
G26016305356001,70.84639498,0,30.09404389
G26016305356002,24.86486486,7.027027027,7.027027027
G26016305356003,20,3.235294118,3.235294118
G26016305356004,19.56521739,0,0
G26016305357001,33.9055794,9.012875536,21.88841202
G26016305357002,23.68421053,0,14.03508772
G26016305361001,17.01388889,0,0
G26016305361002,59.19282511,0,33.632287
G26016305361003,49.79591837,10.20408163,32.65306122
G26016305361004,41.7721519,0,21.51898734
G26016305362001,50.27027027,4.864864865,22.16216216
G26016305362002,37.44939271,0.809716599,8.502024291
G26016305363001,47.01492537,0,25.37313433
G26016305363002,41.81818182,0,0
G26016305363003,33.83458647,0,17.29323308
G26016305363004,37.79527559,0,0
G26016305363005,12.5,0,0
G26016305363006,9.756097561,0,9.756097561
G26016305364001,0,0,0
G26016305364002,0,0,0
G26016305364003,18.42105263,0,18.42105263
G26016305364004,18.18181818,0,9.090909091
G26016305365001,36.66666667,0,0
G26016305365002,44.96487119,19.90632319,19.90632319
G26016305365003,9.523809524,0,0
G26016305365004,75.2,0,20.8
G26016305366001,5.673758865,0,5.673758865
G26016305366002,20.57761733,0,4.332129964
G26016305366003,71.18644068,11.01694915,47.45762712
G26016305366004,68.93203883,50.97087379,50.97087379
G26016305366005,76.08695652,13.76811594,34.05797101
G26016305367001,41.02564103,0,21.79487179
G26016305367002,27.47747748,0,6.756756757
G26016305368001,42.85714286,0,2.990033223
G26016305368002,43.35664336,4.195804196,21.67832168
G26016305369001,51.47058824,20.58823529,34.55882353
G26016305369002,31.92488263,18.77934272,18.77934272
G26016305369003,38.81118881,16.08391608,27.27272727
G26016305369004,30.6122449,6.12244898,30.6122449
G26016305370001,25.36945813,0,3.201970443
G26016305370002,5.319148936,0,5.319148936
G26016305370003,20,5.263157895,5.263157895
G26016305371001,26.82926829,0,26.82926829
G26016305371002,46.30872483,0,8.724832215
G26016305371003,16.66666667,0,5.333333333
G26016305372001,32.09876543,0,0
G26016305372002,32.65306122,11.2244898,22.44897959
G26016305373001,23.78640777,0,0
G26016305373002,7.075471698,0,0
G26016305373003,45.02164502,11.25541126,11.25541126
G26016305373004,44.08602151,0,0
G26016305375001,68.36734694,0,28.57142857
G26016305375002,35.71428571,14.28571429,26.53061224
G26016305375003,29.31034483,6.32183908,14.94252874
G26016305375004,6.64556962,0,0
G26016305375005,26.99115044,8.849557522,14.15929204
G26016305376001,15.60693642,10.98265896,10.98265896
G26016305376002,4.433497537,0,0
G26016305376003,22.66881029,0,2.090032154
G26016305377001,30.12048193,0,5.62248996
G26016305377002,93.04812834,0,0
G26016305377003,29.69432314,0,0
G26016305378001,7.894736842,0,0
G26016305378002,48.13753582,0,7.449856734
G26016305378003,18.29268293,0,0
G26016305381001,32.46073298,0,17.53926702
G26016305381002,25.35947712,10.32679739,17.90849673
G26016305382001,22.08333333,2.083333333,11.45833333
G26016305382002,29.46954813,1.571709234,8.447937132
G26016305383001,60.98765432,0.24691358,21.72839506
G26016305383002,46.81528662,0,28.34394904
G26016305384001,23.29059829,0,8.547008547
G26016305384002,40.44665012,0,25.80645161
G26016305384003,29.58579882,0,18.93491124
G26016305384004,32.31292517,6.632653061,16.83673469
G26016305385001,33.61344538,0,0
G26016305385002,58.99280576,17.26618705,41.72661871
G26016305385003,54.44444444,14.44444444,54.44444444
G26016305385004,10.67961165,0,0
G26016305385005,74.82517483,26.22377622,26.22377622
G26016305385006,33.15508021,0,18.71657754
G26016305385007,42.69449715,6.451612903,31.68880455
G26016305386001,61.13744076,0,42.65402844
G26016305386002,9.956709957,9.956709957,9.956709957
G26016305386003,16.92708333,0,11.45833333
G26016305386004,31.49606299,0,3.543307087
G26016305386005,17.25146199,0,0
G26016305386006,26.17702448,4.143126177,5.838041431
G26016305387001,34.80662983,5.801104972,5.801104972
G26016305387002,38.54748603,0,2.234636872
G26016305387003,13.7254902,0,5.68627451
G26016305388001,35.15151515,0,9.090909091
G26016305388002,21.70542636,4.263565891,17.05426357
G26016305389001,50.16835017,0,8.080808081
G26016305389002,25.86750789,14.1955836,22.39747634
G26016305389003,34.17266187,7.913669065,31.29496403
G26016305389004,30.51470588,5.514705882,5.514705882
G26016305390001,29.51653944,0,3.562340967
G26016305390002,37.57225434,16.76300578,32.3699422
G26016305390003,69.72972973,15.67567568,37.2972973
G26016305390004,62.37623762,0,23.76237624
G26016305391001,41.2568306,19.67213115,31.14754098
G26016305391002,49.31129477,0,21.21212121
G26016305392001,20.58823529,0,8.823529412
G26016305392002,55.82329317,0,26.10441767
G26016305392003,51.35135135,0,12.16216216
G26016305392004,56.52173913,0,0
G26016305392005,16.83417085,0,0
G26016305392006,36.8,0,20.8
G26016305393001,52.60416667,0,21.35416667
G26016305393002,49.07407407,0,12.03703704
G26016305393003,43.17180617,0,16.29955947
G26016305393004,31.20567376,0,14.89361702
G26016305394001,34.06862745,8.823529412,23.52941176
G26016305394002,33.17191283,5.326876513,13.07506053
G26016305394003,59.71830986,2.253521127,29.57746479
G26016305395001,60.17699115,0,44.24778761
G26016305395002,36.8902439,0,4.573170732
G26016305395003,40.71428571,0,8.214285714
G26016305395004,48.26498423,0,14.82649842
G26016305396001,11.18012422,0,0
G26016305396002,26.86567164,0,4.975124378
G26016305396003,16.42651297,0,7.492795389
G26016305397001,32.38434164,6.40569395,16.37010676
G26016305397002,33.33333333,0,17.00680272
G26016305401001,39.04555315,0,15.61822126
G26016305401002,47.57709251,0,32.15859031
G26016305401003,84.90566038,0,18.86792453
G26016305401004,9.345794393,0,0
G26016305402001,16.43835616,0,16.43835616
G26016305402002,13.44537815,0,5.882352941
G26016305402003,20.68965517,0,0
G26016305402004,17.85714286,0,0
G26016305402005,29.03225806,0,11.29032258
G26016305402006,62.12121212,0,17.42424242
G26016305403001,25.42372881,0,0
G26016305403002,27.91878173,0,17.51269036
G26016305403003,7.453416149,0,7.453416149
G26016305403004,54.58333333,4.583333333,17.91666667
G26016305403005,25.25951557,3.460207612,19.03114187
G26016305404001,20.73170732,8.536585366,12.19512195
G26016305404002,30.07518797,0,27.81954887
G26016305404003,44.66019417,0,44.66019417
G26016305404004,42.96875,0,24.21875
G26016305405001,15.50802139,0,0
G26016305405002,53.79746835,29.74683544,53.79746835
G26016305405003,32.94797688,0,17.34104046
G26016305405004,22.82157676,10.78838174,22.82157676
G26016305406001,40.54054054,22.97297297,25.13513514
G26016305406002,25.90361446,0,13.25301205
G26016305406003,38.75968992,27.51937984,32.94573643
G26016305406004,0,0,0
G26016305407001,50,19.23076923,19.23076923
G26016305407002,45.02164502,0,12.98701299
G26016305407003,33.65617433,6.295399516,8.474576271
G26016305407004,41.09014675,0,13.83647799
G26016305408001,21.875,1.785714286,3.571428571
G26016305408002,27.6119403,5.671641791,22.53731343
G26016305409001,22.60869565,0,0
G26016305409002,23.3201581,5.138339921,11.46245059
G26016305409003,47.97979798,0,0
G26016305409004,31.93277311,2.521008403,2.521008403
G26016305410001,33.92857143,13.0952381,20.23809524
G26016305410002,34.31635389,1.340482574,9.517426273
G26016305410003,11.48036254,8.761329305,8.761329305
G26016305411001,51.90839695,0,32.82442748
G26016305411002,15,0,0
G26016305411003,0,0,0
G26016305411004,34.86238532,4.892966361,16.20795107
G26016305411005,0,0,0
G26016305412001,44.82758621,10.91954023,25.28735632
G26016305412002,8.133971292,0,8.133971292
G26016305412003,33.83838384,5.555555556,11.61616162
G26016305412004,40.90909091,6.363636364,6.363636364
G26016305413001,25.87412587,0,10.13986014
G26016305413002,41.17647059,5,26.17647059
G26016305413003,44.70989761,13.3105802,22.8668942
G26016305414001,22.93577982,0,11.00917431
G26016305414002,41.29692833,9.897610922,25.59726962
G26016305414003,49.52076677,11.50159744,21.08626198
G26016305415001,55.01113586,15.3674833,20.71269488
G26016305415002,16.40866873,0,0
G26016305415003,11.88118812,0,0
G26016305415004,18.77828054,1.357466063,1.357466063
G26016305417001,25.58139535,0,0
G26016305417002,33.47639485,0,15.87982833
G26016305418001,35.0678733,0,27.60180995
G26016305418002,43.3604336,14.90514905,14.90514905
G26016305421001,0,0,0
G26016305421002,0,0,0
G26016305421003,15.15151515,15.15151515,15.15151515
G26016305421004,36.30136986,0,19.8630137
G26016305421005,21.58273381,8.633093525,21.58273381
G26016305421006,23.00319489,2.555910543,19.48881789
G26016305422001,25.18518519,0,20.74074074
G26016305422002,19.24882629,0,9.389671362
G26016305422003,23.52941176,3.676470588,3.676470588
G26016305422004,46.83544304,0,14.55696203
G26016305422005,24.63768116,0,0
G26016305423001,35.79545455,0,0
G26016305423002,42.5,27.5,42.5
G26016305423003,37.83783784,0,11.35135135
G26016305424001,38.84892086,7.913669065,26.61870504
G26016305424002,13.69863014,0,6.849315068
G26016305424003,36.29032258,7.795698925,20.43010753
G26016305425001,33.68055556,0,14.93055556
G26016305425002,32.15258856,0,12.53405995
G26016305425003,28.20512821,13.24786325,18.8034188
G26016305426001,19.41176471,0,13.52941176
G26016305426002,21.19205298,4.304635762,9.933774834
G26016305426003,33.68421053,0,10.52631579
G26016305426004,42.48927039,9.442060086,13.73390558
G26016305427001,27.35294118,10,15.88235294
G26016305428001,37.91469194,2.369668246,14.69194313
G26016305428002,25.74712644,0,1.609195402
G26016305428003,33.60655738,6.147540984,26.63934426
G26016305429001,8.068459658,0,0
G26016305429002,53.65853659,21.13821138,21.13821138
G26016305429003,48.73188406,5.615942029,14.67391304
G26016305429004,17.09677419,0,3.225806452
G26016305430001,27.21649485,1.237113402,7.216494845
G26016305430002,34.87654321,0,0
G26016305431001,46.04651163,0,24.18604651
G26016305431002,31.77257525,0,8.528428094
G26016305432001,39.25925926,0,27.65432099
G26016305432002,17.30769231,0,17.30769231
G26016305432003,39.05660377,11.69811321,21.88679245
G26016305434001,31.86813187,16.48351648,23.73626374
G26016305434002,50.12048193,1.927710843,4.578313253
G26016305434003,44.23076923,0,3.021978022
G26016305435001,34.39490446,0,0
G26016305435002,73.68421053,0,0
G26016305436001,32.14285714,0,0
G26016305436002,49.23076923,0,21.53846154
G26016305436003,25,0,0
G26016305437001,100,0,15.15151515
G26016305437002,40.55727554,7.120743034,13.3126935
G26016305437003,33.66013072,7.516339869,23.85620915
G26016305438001,45.78947368,6.315789474,20.52631579
G26016305438002,41.30434783,0,33.69565217
G26016305439001,9.090909091,9.090909091,9.090909091
G26016305439002,51.06382979,0,50
G26016305440001,46.38297872,2.340425532,17.23404255
G26016305440002,38.10526316,5.894736842,25.26315789
G26016305441001,11.60220994,0,0
G26016305441002,15.04854369,10.67961165,15.04854369
G26016305441003,33.05555556,11.94444444,21.94444444
G26016305442001,25.25252525,0,16.16161616
G26016305442002,49.76744186,2.325581395,17.6744186
G26016305442003,39.83050847,0,10.16949153
G26016305443001,0,0,0
G26016305443002,9.641873278,0.275482094,2.754820937
G26016305443003,43,5.6,27.4
G26016305451001,14.52991453,0,6.837606838
G26016305451002,34.7107438,0,0
G26016305451003,32.91925466,3.726708075,3.726708075
G26016305452001,30,0,0
G26016305452002,56.70731707,5.792682927,21.34146341
G26016305452003,31.60535117,19.89966555,29.93311037
G26016305452004,26.78571429,5.803571429,26.78571429
G26016305453001,72.72727273,0,0
G26016305453002,36.30573248,15.2866242,19.10828025
G26016305453003,39.88764045,0,8.426966292
G26016305454001,41.86046512,16.94352159,25.58139535
G26016305455001,41.17647059,0,14.70588235
G26016305455002,13.38028169,0,0
G26016305455003,29.2,7.6,12.4
G26016305455004,41.40127389,0,3.503184713
G26016305455005,43.03030303,9.696969697,33.33333333
G26016305455006,69.67741935,0,37.41935484
G26016305456001,23.73540856,5.058365759,12.06225681
G26016305456002,17.9916318,0,0
G26016305456003,23.25581395,7.558139535,7.558139535
G26016305456004,40.70175439,18.94736842,18.94736842
G26016305456005,56.15942029,4.710144928,12.68115942
G26016305457001,21.03174603,5.555555556,15.07936508
G26016305457002,29.82142857,9.285714286,15.53571429
G26016305458001,37.44075829,0,25.59241706
G26016305458002,21.31147541,0,10.6557377
G26016305458003,41.17647059,3.676470588,29.16666667
G26016305458004,23.39449541,9.633027523,13.76146789
G26016305458005,45.23281596,10.19955654,20.84257206
G26016305459001,45.29147982,10.53811659,20.85201794
G26016305459002,45.91194969,11.32075472,25.1572327
G26016305459003,69.71153846,11.05769231,61.05769231
G26016305459004,15.15151515,0,0
G26016305459005,32.96089385,0,6.983240223
G26016305460001,22.33502538,4.568527919,15.73604061
G26016305460002,17.54385965,0,0
G26016305460003,34.375,10.15625,10.15625
G26016305460004,100,100,100
G26016305460005,42.22737819,10.90487239,22.50580046
G26016305461001,23.92638037,6.748466258,6.748466258
G26016305461002,6.825938567,6.825938567,6.825938567
G26016305461003,21.97802198,9.89010989,9.89010989
G26016305461004,33.15789474,0,17.89473684
G26016305461005,0,0,0
G26016305462001,24.23398329,0,0
G26016305462002,26.40264026,8.250825083,8.250825083
G26016305462003,17.1875,4.861111111,9.201388889
G26016305462004,42.85714286,12.24489796,28.57142857
G26016305463001,18.20652174,2.717391304,6.793478261
G26016305463002,22.37354086,0,11.86770428
G26016305464001,31.46551724,0,20.68965517
G26016305464002,31.68316832,5.940594059,26.23762376
G26016305465001,38.33333333,4.523809524,14.28571429
G26016305465002,27.75665399,1.520912548,14.82889734
G26016305466001,46.04316547,5.755395683,23.02158273
G26016305466002,28.67924528,11.69811321,11.69811321
G26016305466003,80.92783505,12.37113402,31.44329897
G26016305467001,0,0,0
G26016305467002,33.33333333,33.33333333,33.33333333
G26016305467003,37.71626298,8.996539792,35.29411765
G26016305467004,40.44117647,0,34.55882353
G26016305467005,34.12462908,18.10089021,20.17804154
G26016305468001,19.27710843,0,0
G26016305468002,39.36651584,0,0
G26016305468003,20.99827883,8.089500861,15.31841652
G26016305468004,30.45977011,18.3908046,18.3908046
G26016305469001,28.18791946,5.704697987,16.10738255
G26016309850001,0,0,0
G26016309851001,45.91836735,5.612244898,40.30612245
G26016309852001,0,0,0
G26016309853001,72.4137931,22.98850575,29.88505747
G26016309855001,0,0,0
G26016309859001,0,0,0
